{
  "integrations": [
    {
      "id": "7c181a13-fa35-4d38-b59a-62e8172c0e74",
      "name": "Inbound from ThousandEyes",
      "action": "CREATE_EVENT",
      "type": "INBOUND_WEBHOOK",
      "deployed": true,
      "form": "2e77306e-855c-4c7b-9eed-caf959b583ac",
      "script": "\n\nvar data;\n\n// If your data is posted as JSON\ndata = JSON.parse( request.body );\n\nconsole.log( 'INCOMING DATA: ' + JSON.stringify( data, null, 1 ) );\n\n// The Webhook Test is pretty useless, so we'll just ignore it\nif( data.type == 'WEBHOOK_TEST' ) {\n    console.log( 'Test webhook, ignoring' );\n    return;\n}\n\n\n\n// Parse data from incoming payload and construct the trigger object\n\ntrigger.properties.alertId        = data.alertId;\n\ntrigger.properties.permalink      = data.alert.permalink;\ntrigger.properties.ruleExpression = data.alert.ruleExpression;\ntrigger.properties.ruleName       = data.alert.ruleName;\ntrigger.properties.testId         = data.alert.testId;\ntrigger.properties.testName       = data.alert.testName;\ntrigger.properties.type           = data.alert.type;\ntrigger.properties.violationCount = data.alert.violationCount;\n\n\neventTypeReadable = {\n    \"ALERT_NOTIFICATION_TRIGGER\": \"triggered\",\n    \"ALERT_NOTIFICATION_CLEAR\"  : \"cleared\"\n};\n\ntrigger.properties.eventType      = eventTypeReadable[ data.eventType ];\n// Post trigger to form\nform.post(trigger);\n\n\n",
      "environment": "HOSTED"
    }
  ],
  "endpoints": [],
  "constants": []
}